posting_id,company_name_normalized,division_name_raw,role_name_raw,type,content
a7734cdd,SK하이닉스,Tech R&D,PKG개발,requirement,∙ 4년제 학사 이상 졸업(예정)자 (학/석/박)
a7734cdd,SK하이닉스,Tech R&D,PKG개발,requirement,"∙ 전자, 전기, 기계, 물리, 재료, 화학, 화공, 반도체, 산업공학, 컴퓨터, 이공"
a7734cdd,SK하이닉스,Tech R&D,PKG개발,preference,"∙ 반도체 공정 Process 전반의 이해가 높은 자, 관련 역량 우수자"
a7734cdd,SK하이닉스,Tech R&D,PKG개발,preference,∙ 반도체 소재 관련 지식이 풍부한 자
a7734cdd,SK하이닉스,Tech R&D,PKG개발,preference,∙ Data 분석 관련 역량 보유한 자
f4666663,SK하이닉스,제조,양산기술(Package&Test),requirement,∙ 4년제 학사 이상 졸업(예정)자 (학/석/박)
f4666663,SK하이닉스,제조,양산기술(Package&Test),requirement,"∙ 전자, 전기, 기계, 물리, 재료, 화학, 화공, 반도체, 산업공학, 컴퓨터, 이공"
f4666663,SK하이닉스,제조,양산기술(Package&Test),preference,"∙ 반도체 공정 Process 전반의 이해가 높은 자, 관련 역량 우수자"
f4666663,SK하이닉스,제조,양산기술(Package&Test),preference,∙ 반도체 소재 관련 지식이 풍부한 자
f4666663,SK하이닉스,제조,양산기술(Package&Test),preference,∙ Data 분석 관련 역량 보유한 자
687bf36e,삼성전자,TSP총괄,패키지 개발,requirement,"금속, 재료, 기계, 화학, 전기/전자 공학 전공자 또는 이에 상응하는 전공지식 보유자"
687bf36e,삼성전자,TSP총괄,패키지 개발,requirement,"반도체 설비, Tool, 금형의 구조와 동작 원리를 이해하고 활용이 가능한 자"
687bf36e,삼성전자,TSP총괄,패키지 개발,requirement,"다양한 분석장비(SEM, FTIR, RAMAN, IC, XPS 등)의 사용 경험 및 활용이 가능한 자"
687bf36e,삼성전자,TSP총괄,패키지 개발,requirement,기구/모터/실린더 등 요소 기술에 대하여 이해하고 적용 가능한 자
687bf36e,삼성전자,TSP총괄,패키지 개발,requirement,CAD를 이해하고 이에 맞는 Simulation 구현이 가능한 자
687bf36e,삼성전자,TSP총괄,패키지 개발,preference,반도체 Package 및 품질 직무와 연관된 대내외 활동 경험 보유자
687bf36e,삼성전자,TSP총괄,패키지 개발,preference,반도체 Package공정 및 품질 관련 졸업논문 및 국내/외 저널 논문 보유자
687bf36e,삼성전자,TSP총괄,패키지 개발,preference,"반도체 Package 관련 Simulation Tool (ABAQUS, ANSYS, LS-Dyna 등) 역량 보유자"
687bf36e,삼성전자,TSP총괄,패키지 개발,preference,SI/PI/Thermal/Mechanical Simulation Tool경험 보유자
687bf36e,삼성전자,TSP총괄,패키지 개발,preference,"기계적/열특성 분석, 성분 분석 등 다양한 분야의 분석 역량 보유자"
769804a1,삼성전자,,패키지 개발,requirement,"공학계열(전기전자, 재료/금속, 화공, 기계, 등), 물리, 화학 계열 전공자 또는"
769804a1,삼성전자,,패키지 개발,requirement,이에 상응하는 전공지식 보유자
769804a1,삼성전자,,패키지 개발,requirement,"반도체 설비, Tool, 금형의 구조와 동작 원리를 이해하고 활용이 가능한 자"
769804a1,삼성전자,,패키지 개발,requirement,기구/모터/실린더 등 요소 기술에 대하여 이해하고 적용 가능한 자
769804a1,삼성전자,,패키지 개발,requirement,CAD를 이해하고 이에 맞는 Electrical/Thermal/Mechanical Simulation 구현이 가능한 자
769804a1,삼성전자,,패키지 개발,preference,반도체 Package 및 품질 직무와 연관된 대내외 활동 경험 보유자
769804a1,삼성전자,,패키지 개발,preference,반도체 Package공정 및 품질 관련 졸업논문 및 국내/외 저널 논문 보유자
769804a1,삼성전자,,패키지 개발,preference,반도체 및 Simulation 관련 Tool 역량 보유자
769804a1,삼성전자,,패키지 개발,preference,"(ABAQUS, ANSYS, LS-Dyna, Finesim spice, Hspice, SIWAVE, Advanced Design System 등)"
769804a1,삼성전자,,패키지 개발,preference,"기계적/열특성 분석, 성분 분석 등 다양한 분야의 분석 역량 보유자"
769804a1,삼성전자,,패키지 개발,preference,"반도체 설비, Tool, 금형의 구조와 동작 원리를 이해하고 활용이 가능한 자"
769804a1,삼성전자,,패키지 개발,preference,"다양한 분석장비(SEM, FTIR, RAMAN, IC, XPS 등)의 사용 경험 및 활용이 가능한 자"
769804a1,삼성전자,,패키지 개발,preference,"해외 법인과 커뮤니케이션이 가능한 수준의 외국어(영어, 일본어) 회화 역량 보유자"
80224a1a,삼성전자 DS 부문,TSP총괄,패키지 개발,requirement,"금속, 재료, 기계, 화학, 전기/전자 공학 전공자 또는 이에 상응하는 전공지식 보유자"
80224a1a,삼성전자 DS 부문,TSP총괄,패키지 개발,requirement,"반도체 설비, Tool, 금형의 구조와 동작 원리를 이해하고 활용이 가능한 자"
80224a1a,삼성전자 DS 부문,TSP총괄,패키지 개발,requirement,"다양한 분석장비(SEM, FTIR, RAMAN, IC, XPS 등)의 사용 경험 및 활용이 가능한 자"
80224a1a,삼성전자 DS 부문,TSP총괄,패키지 개발,requirement,기구/모터/실린더 등 요소 기술에 대하여 이해하고 적용 가능한 자
80224a1a,삼성전자 DS 부문,TSP총괄,패키지 개발,requirement,CAD를 이해하고 이에 맞는 Simulation 구현이 가능한 자
80224a1a,삼성전자 DS 부문,TSP총괄,패키지 개발,preference,반도체 Package 및 품질 직무와 연관된 대내외 활동 경험 보유자
80224a1a,삼성전자 DS 부문,TSP총괄,패키지 개발,preference,반도체 Package공정 및 품질 관련 졸업논문 및 국내/외 저널 논문 보유자
80224a1a,삼성전자 DS 부문,TSP총괄,패키지 개발,preference,"반도체 Package 관련 Simulation Tool (ABAQUS, ANSYS, LS-Dyna 등) 역량 보유자"
80224a1a,삼성전자 DS 부문,TSP총괄,패키지 개발,preference,SI/PI/Thermal/Mechanical Simulation Tool경험 보유자
80224a1a,삼성전자 DS 부문,TSP총괄,패키지 개발,preference,"기계적/열특성 분석, 성분 분석 등 다양한 분야의 분석 역량 보유자"
8877a586,삼성전자 DS 부문,,패키지 개발,requirement,"금속, 재료, 기계, 화학, 전기/전자 공학 전공자 또는 이에 상응하는 전공지식 보유자"
8877a586,삼성전자 DS 부문,,패키지 개발,requirement,반도체 조립 공정과 설비 구조 및 동작 원리를 이해하고 활용이 가능한 자
8877a586,삼성전자 DS 부문,,패키지 개발,requirement,"다양한 분석장비(SEM, FTIR, RAMAN, IC, XPS, DMA, TMA, DIC 등) 활용이 가능한 자"
8877a586,삼성전자 DS 부문,,패키지 개발,requirement,설계 도면과 반도체 조립 공정을 이해하고 이에 맞는 Simulation 구현이 가능한 자
8877a586,삼성전자 DS 부문,,패키지 개발,preference,반도체 Package 및 품질 직무와 연관된 대내외 활동 경험 보유자
8877a586,삼성전자 DS 부문,,패키지 개발,preference,반도체 Package공정 및 신뢰성 관련 졸업논문 및 국내/외 저널 논문 보유자
8877a586,삼성전자 DS 부문,,패키지 개발,preference,"Simulation S/W (ABAQUS, ANSYS, HyperWorks, Comsol, Matlab 등) 역량 보유자"
8877a586,삼성전자 DS 부문,,패키지 개발,preference,SI/PI/Thermal/Mechanical Simulation Tool경험 보유자
8877a586,삼성전자 DS 부문,,패키지 개발,preference,"기계적/열특성 분석, 성분 분석 등 다양한 분야의 분석 역량 보유자"
a1d1b92f,삼성전자,TSP총괄,패키지 개발,requirement,"금속, 재료, 기계, 화학, 전기/전자 공학 전공자 또는 이에 상응하는 전공지식 보유자"
a1d1b92f,삼성전자,TSP총괄,패키지 개발,requirement,"반도체 설비, Tool, 금형의 구조와 동작 원리를 이해하고 활용이 가능한 자"
a1d1b92f,삼성전자,TSP총괄,패키지 개발,requirement,"다양한 분석장비(SEM, FTIR, RAMAN, IC, XPS 등)의 사용 경험 및 활용이 가능한 자"
a1d1b92f,삼성전자,TSP총괄,패키지 개발,requirement,기구/모터/실린더 등 요소 기술에 대하여 이해하고 적용 가능한 자
a1d1b92f,삼성전자,TSP총괄,패키지 개발,requirement,CAD를 이해하고 이에 맞는 Simulation 구현이 가능한 자
a1d1b92f,삼성전자,TSP총괄,패키지 개발,preference,반도체 Package 및 품질 직무와 연관된 대내외 활동 경험 보유자
a1d1b92f,삼성전자,TSP총괄,패키지 개발,preference,반도체 Package공정 및 품질 관련 졸업논문 및 국내/외 저널 논문 보유자
a1d1b92f,삼성전자,TSP총괄,패키지 개발,preference,"반도체 Package 관련 Simulation Tool (ABAQUS, ANSYS, LS-Dyna 등) 역량 보유자"
a1d1b92f,삼성전자,TSP총괄,패키지 개발,preference,SI/PI/Thermal/Mechanical Simulation Tool경험 보유자
a1d1b92f,삼성전자,TSP총괄,패키지 개발,preference,"기계적/열특성 분석, 성분 분석 등 다양한 분야의 분석 역량 보유자"
a1d1b92f,삼성전자,TSP총괄,패키지 개발,preference,Career Vision
a1d1b92f,삼성전자,TSP총괄,패키지 개발,preference,"Package 개발 Process에 대한 이해를 바탕으로 설계, Simulation 및 Process Architecture에"
a1d1b92f,삼성전자,TSP총괄,패키지 개발,preference,대한 역량을 배양할 수 있습니다.
a1d1b92f,삼성전자,TSP총괄,패키지 개발,preference,"Package 공정, 소재에 대한 연구와 최적화 역량을 배양할 수 있고, 나아가 새로운 공정,"
a1d1b92f,삼성전자,TSP총괄,패키지 개발,preference,"소재 개발을 통해 공정, 소재 전문가로 성장할 수 있습니다."
b552df9d,삼성전자 DS 부문,,패키지 개발,requirement,"금속, 재료, 기계, 화학, 전기/전자 공학 전공자 또는 이에 상응하는 전공지식 보유자"
b552df9d,삼성전자 DS 부문,,패키지 개발,requirement,반도체 조립 공정과 설비 구조 및 동작 원리를 이해하고 활용이 가능한 자
b552df9d,삼성전자 DS 부문,,패키지 개발,requirement,"다양한 분석장비(SEM, FTIR, RAMAN, IC, XPS, DMA, TMA, DIC 등) 활용이 가능한 자"
b552df9d,삼성전자 DS 부문,,패키지 개발,requirement,설계 도면과 반도체 조립 공정을 이해하고 이에 맞는 Simulation 구현이 가능한 자
b552df9d,삼성전자 DS 부문,,패키지 개발,preference,반도체 Package 및 품질 직무와 연관된 대내외 활동 경험 보유자
b552df9d,삼성전자 DS 부문,,패키지 개발,preference,반도체 Package공정 및 신뢰성 관련 졸업논문 및 국내/외 저널 논문 보유자
b552df9d,삼성전자 DS 부문,,패키지 개발,preference,"Simulation S/W (ABAQUS, ANSYS, HyperWorks, Comsol, Matlab 등) 역량 보유자"
b552df9d,삼성전자 DS 부문,,패키지 개발,preference,SI/PI/Thermal/Mechanical Simulation Tool경험 보유자
b552df9d,삼성전자 DS 부문,,패키지 개발,preference,"기계적/열특성 분석, 성분 분석 등 다양한 분야의 분석 역량 보유자"
b698f769,삼성전자,,패키지 개발,requirement,"공학계열(전기전자, 재료/금속, 화공, 기계, 등), 물리, 화학 계열 전공자 또는"
b698f769,삼성전자,,패키지 개발,requirement,이에 상응하는 전공지식 보유자
b698f769,삼성전자,,패키지 개발,requirement,"반도체 설비, Tool, 금형의 구조와 동작 원리를 이해하고 활용이 가능한 자"
b698f769,삼성전자,,패키지 개발,requirement,기구/모터/실린더 등 요소 기술에 대하여 이해하고 적용 가능한 자
b698f769,삼성전자,,패키지 개발,requirement,CAD를 이해하고 이에 맞는 Electrical/Thermal/Mechanical Simulation 구현이 가능한 자
b698f769,삼성전자,,패키지 개발,preference,반도체 Package 및 품질 직무와 연관된 대내외 활동 경험 보유자
b698f769,삼성전자,,패키지 개발,preference,반도체 Package공정 및 품질 관련 졸업논문 및 국내/외 저널 논문 보유자
b698f769,삼성전자,,패키지 개발,preference,반도체 및 Simulation 관련 Tool 역량 보유자
b698f769,삼성전자,,패키지 개발,preference,"(ABAQUS, ANSYS, LS-Dyna, Finesim spice, Hspice, SIWAVE, Advanced Design System 등)"
b698f769,삼성전자,,패키지 개발,preference,"기계적/열특성 분석, 성분 분석 등 다양한 분야의 분석 역량 보유자"
b698f769,삼성전자,,패키지 개발,preference,"반도체 설비, Tool, 금형의 구조와 동작 원리를 이해하고 활용이 가능한 자"
b698f769,삼성전자,,패키지 개발,preference,"다양한 분석장비(SEM, FTIR, RAMAN, IC, XPS 등)의 사용 경험 및 활용이 가능한 자"
b698f769,삼성전자,,패키지 개발,preference,"해외 법인과 커뮤니케이션이 가능한 수준의 외국어(영어, 일본어) 회화 역량 보유자"
b698f769,삼성전자,,패키지 개발,preference,Career Vison
b698f769,삼성전자,,패키지 개발,preference,"반도체 산업에서 중요성이 부각되고 있는 Advanced Package 의 설계, Simulation,"
b698f769,삼성전자,,패키지 개발,preference,제품/구조/공정/소재를 개발하고 최적화 하는 전문 역량을 배양할 수 있습니다.
b698f769,삼성전자,,패키지 개발,preference,Advanced PKG 제품에 대한 높은 이해도를 바탕으로 제품/공정/소재/기술 Engineer 로의
b698f769,삼성전자,,패키지 개발,preference,"성장뿐만 아니라 고객 대응, 기획, 마케팅 등 다양한 분야의 전문가로 성장할 수 있습니다."
e50c1997,삼성전자 DS 부문,TSP총괄,패키지 개발,requirement,"금속, 재료, 기계, 화학, 전기/전자 공학 전공자 또는 이에 상응하는 전공지식 보유자"
e50c1997,삼성전자 DS 부문,TSP총괄,패키지 개발,requirement,"반도체 설비, Tool, 금형의 구조와 동작 원리를 이해하고 활용이 가능한 자"
e50c1997,삼성전자 DS 부문,TSP총괄,패키지 개발,requirement,"다양한 분석장비(SEM, FTIR, RAMAN, IC, XPS 등)의 사용 경험 및 활용이 가능한 자"
e50c1997,삼성전자 DS 부문,TSP총괄,패키지 개발,requirement,기구/모터/실린더 등 요소 기술에 대하여 이해하고 적용 가능한 자
e50c1997,삼성전자 DS 부문,TSP총괄,패키지 개발,requirement,CAD를 이해하고 이에 맞는 Simulation 구현이 가능한 자
e50c1997,삼성전자 DS 부문,TSP총괄,패키지 개발,preference,반도체 Package 및 품질 직무와 연관된 대내외 활동 경험 보유자
e50c1997,삼성전자 DS 부문,TSP총괄,패키지 개발,preference,반도체 Package공정 및 품질 관련 졸업논문 및 국내/외 저널 논문 보유자
e50c1997,삼성전자 DS 부문,TSP총괄,패키지 개발,preference,"반도체 Package 관련 Simulation Tool (ABAQUS, ANSYS, LS-Dyna 등) 역량 보유자"
e50c1997,삼성전자 DS 부문,TSP총괄,패키지 개발,preference,SI/PI/Thermal/Mechanical Simulation Tool경험 보유자
e50c1997,삼성전자 DS 부문,TSP총괄,패키지 개발,preference,"기계적/열특성 분석, 성분 분석 등 다양한 분야의 분석 역량 보유자"
00678913,삼성전자,메모리사업부,평가 및 분석,requirement,"반도체 소자 동작 원리, 디지털 신호 처리 및 전자 회로 등 반도체 개발/평가에 필요한 역량"
00678913,삼성전자,메모리사업부,평가 및 분석,requirement,보유자
00678913,삼성전자,메모리사업부,평가 및 분석,preference,"직무와 연관된 경험 보유자 (프로젝트, 논문, 특허, 경진대회)"
00678913,삼성전자,메모리사업부,평가 및 분석,preference,"반도체 개발 및 분석 관련 Tool (Spotfire, SPICE Simulation, Schematic Editor, Allegro, Layout"
00678913,삼성전자,메모리사업부,평가 및 분석,preference,"Drawing, Trace32, Power Supply, Logic / Protocol Analyzer, Oscilloscope, MiniTab, 3D Scope,"
00678913,삼성전자,메모리사업부,평가 및 분석,preference,"3D CT, X-Ray, Dye & Pry, De-Capsulation, Cross Section, SAT, FIB, SEM, EDS, FESEM, TMA 등)"
00678913,삼성전자,메모리사업부,평가 및 분석,preference,역량 보유자
00678913,삼성전자,메모리사업부,평가 및 분석,preference,"프로그래밍 언어(C, C++, R, Python, Linux, VBA 등) 역량 보유자"
00678913,삼성전자,메모리사업부,평가 및 분석,preference,"품질관련 공인(CRE, CQE, 품질기사 등) 자격증 보유자"
00678913,삼성전자,메모리사업부,평가 및 분석,preference,평가 및 검증을 위한 테스트 시나리오 도출 및 구현 역량 보유자
00678913,삼성전자,메모리사업부,평가 및 분석,preference,"소재 구조(Chemical/Physical), 물성, 특성 및 성분 분석 기술 역량 보유자"
00678913,삼성전자,메모리사업부,평가 및 분석,preference,평가 및 분석을 위한 불량 분석 기술 개발 및 선행 기술 구현 역량 보유자
00678913,삼성전자,메모리사업부,평가 및 분석,preference,Automotive向 부품/제품 개발 및 신뢰성 전문 기술 역량 보유자
00678913,삼성전자,메모리사업부,평가 및 분석,preference,"웹 개발 언어(Java script, Python 등) 및 프레임워크(React, Angular 등) 활용 역량 보유자"
00678913,삼성전자,메모리사업부,평가 및 분석,preference,Career Vision
00678913,삼성전자,메모리사업부,평가 및 분석,preference,"상품기획부터 개발, 품질관리까지 제품 경쟁력을 결정하는 전 과정에 참여하며 메모리반도체"
00678913,삼성전자,메모리사업부,평가 및 분석,preference,제품 및 기술 전반에 대한 이해와 전문성을 배양할 수 있습니다.
00678913,삼성전자,메모리사업부,평가 및 분석,preference,"제품개발, 품질 평가, 데이터 분석 등의 다방면에서 반도체 제품을 이해하고 신뢰성을"
00678913,삼성전자,메모리사업부,평가 및 분석,preference,높이는 평가 및 분석 전문가로 성장할 수 있습니다.
0f039f65,삼성전자 DS 부문,메모리사업부,평가 및 분석,requirement,"반도체 소자 동작 원리, 디지털 신호 처리 및 전자 회로 등 반도체 개발/평가에 필요한 역량"
0f039f65,삼성전자 DS 부문,메모리사업부,평가 및 분석,requirement,보유자
0f039f65,삼성전자 DS 부문,메모리사업부,평가 및 분석,requirement,빅데이터를 통계적으로 처리할 수 있는 데이터 분석 역량 보유자
0f039f65,삼성전자 DS 부문,메모리사업부,평가 및 분석,requirement,"운영체제, 임베디드 시스템에서 메모리 동작 원리 이해가 가능한 역량 보유자"
0f039f65,삼성전자 DS 부문,메모리사업부,평가 및 분석,preference,"직무와 연관된 경험 보유자 (프로젝트, 논문, 특허, 경진대회)"
0f039f65,삼성전자 DS 부문,메모리사업부,평가 및 분석,preference,"반도체 개발 및 분석 관련 Tool (Spotfire, SPICE Simulation, Schematic Editor, Allegro, Layout"
0f039f65,삼성전자 DS 부문,메모리사업부,평가 및 분석,preference,"Drawing, Trace32, Power Supply, Logic / Protocol Analyzer, Oscilloscope 등) 역량 보유자"
0f039f65,삼성전자 DS 부문,메모리사업부,평가 및 분석,preference,"프로그래밍 언어(C, C++, R, Python, Linux, VBA 등) 역량 보유자"
0f039f65,삼성전자 DS 부문,메모리사업부,평가 및 분석,preference,"품질관련 공인(CRE, CQE, 품질기사 등) 자격증 보유자"
0f039f65,삼성전자 DS 부문,메모리사업부,평가 및 분석,preference,평가 및 검증을 위한 테스트 시나리오 도출 및 구현 역량 보유자
177749c9,삼성전자,메모리사업부,평가 및 분석,requirement,"반도체 소자 동작 원리, 디지털 신호 처리 및 전자 회로 등 반도체 개발/평가에 필요한 역량"
177749c9,삼성전자,메모리사업부,평가 및 분석,requirement,보유자
177749c9,삼성전자,메모리사업부,평가 및 분석,requirement,빅데이터를 통계적으로 처리할 수 있는 데이터 분석 역량 보유자
177749c9,삼성전자,메모리사업부,평가 및 분석,requirement,"운영체제, 임베디드 시스템에서 메모리 동작 원리 이해가 가능한 역량 보유자"
177749c9,삼성전자,메모리사업부,평가 및 분석,preference,"직무와 연관된 경험 보유자 (프로젝트, 논문, 특허, 경진대회)"
177749c9,삼성전자,메모리사업부,평가 및 분석,preference,"반도체 개발 및 분석 관련 Tool (Spotfire, SPICE Simulation, Schematic Editor, Allegro, Layout"
177749c9,삼성전자,메모리사업부,평가 및 분석,preference,"Drawing, Trace32, Power Supply, Logic / Protocol Analyzer, Oscilloscope 등) 역량 보유자"
177749c9,삼성전자,메모리사업부,평가 및 분석,preference,"프로그래밍 언어(C, C++, R, Python, Linux, VBA 등) 역량 보유자"
177749c9,삼성전자,메모리사업부,평가 및 분석,preference,"품질관련 공인(CRE, CQE, 품질기사 등) 자격증 보유자"
177749c9,삼성전자,메모리사업부,평가 및 분석,preference,평가 및 검증을 위한 테스트 시나리오 도출 및 구현 역량 보유자
1fa94ea9,삼성전자,TSP총괄,평가 및 분석,requirement,전기/전자/논리 회로 이해 능력 및 Simulation 기초
1fa94ea9,삼성전자,TSP총괄,평가 및 분석,requirement,"프로그래밍 언어(C/C++/Verilog, Java, R, Python 등) 및 알고리즘 문제 해결 역량 보유자"
1fa94ea9,삼성전자,TSP총괄,평가 및 분석,requirement,기구/모터/실린더 등 요소 기술에 대하여 이해하고 적용 가능한 자
1fa94ea9,삼성전자,TSP총괄,평가 및 분석,requirement,CAD를 이해하고 이에 맞는 Simulation 구현이 가능한 자
1fa94ea9,삼성전자,TSP총괄,평가 및 분석,requirement,"다양한 분석장비(SEM, FTIR, RAMAN, IC, XPS 등)의 사용 경험 및 활용이 가능한 자"
1fa94ea9,삼성전자,TSP총괄,평가 및 분석,preference,품질 직무에 대한 기본적인 지식 보유자
1fa94ea9,삼성전자,TSP총괄,평가 및 분석,preference,"(품질 공학, 환경안전, PL(Product Liability), SPC, 생산관리, Test Engineering, Big Data 해석)"
1fa94ea9,삼성전자,TSP총괄,평가 및 분석,preference,소프트웨어 및 하드웨어 플랫폼을 활용한 프로젝트 수행 경험 보유자
1fa94ea9,삼성전자,TSP총괄,평가 및 분석,preference,Career Vision
1fa94ea9,삼성전자,TSP총괄,평가 및 분석,preference,특정 반도체 Package부터 시작해 Package 전반에 걸친 품질 규정부터 불량 현상의 이해와
1fa94ea9,삼성전자,TSP총괄,평가 및 분석,preference,메커니즘 수립에 대한 역량을 배양할 수 있습니다
1fa94ea9,삼성전자,TSP총괄,평가 및 분석,preference,"반도체 수율에 대한 개념과 영향을 주는 다양한 인자들에 대해 이해할 수 있고, 이를"
1fa94ea9,삼성전자,TSP총괄,평가 및 분석,preference,검출하기 위한 다양한 분석 방법에 대한 역량을 배양할 수 있습니다.
2239e361,삼성전자 DS 부문,메모리사업부,평가 및 분석,requirement,"반도체 소자 동작 원리, 디지털 신호 처리 및 전자 회로 등 반도체 개발/평가에 필요한 역량"
2239e361,삼성전자 DS 부문,메모리사업부,평가 및 분석,requirement,보유자
2239e361,삼성전자 DS 부문,메모리사업부,평가 및 분석,requirement,빅데이터를 통계적으로 처리할 수 있는 데이터 분석 역량 보유자
2239e361,삼성전자 DS 부문,메모리사업부,평가 및 분석,requirement,"운영체제, 임베디드 시스템에서 메모리 동작 원리 이해가 가능한 역량 보유자"
2239e361,삼성전자 DS 부문,메모리사업부,평가 및 분석,preference,"직무와 연관된 경험 보유자 (프로젝트, 논문, 특허, 경진대회)"
2239e361,삼성전자 DS 부문,메모리사업부,평가 및 분석,preference,"반도체 개발 및 분석 관련 Tool (Spotfire, SPICE Simulation, Schematic Editor, Allegro, Layout"
2239e361,삼성전자 DS 부문,메모리사업부,평가 및 분석,preference,"Drawing, Trace32, Power Supply, Logic / Protocol Analyzer, Oscilloscope 등) 역량 보유자"
2239e361,삼성전자 DS 부문,메모리사업부,평가 및 분석,preference,"프로그래밍 언어(C, C++, R, Python, Linux, VBA 등) 역량 보유자"
2239e361,삼성전자 DS 부문,메모리사업부,평가 및 분석,preference,"품질관련 공인(CRE, CQE, 품질기사 등) 자격증 보유자"
2239e361,삼성전자 DS 부문,메모리사업부,평가 및 분석,preference,평가 및 검증을 위한 테스트 시나리오 도출 및 구현 역량 보유자
263711cb,삼성전자,TSP총괄,평가 및 분석,requirement,전기/전자/논리 회로 이해 능력 및 Simulation 기초
263711cb,삼성전자,TSP총괄,평가 및 분석,requirement,"프로그래밍 언어(C/C++/Verilog, Java, R, Python 등) 및 알고리즘 문제 해결 역량 보유자"
263711cb,삼성전자,TSP총괄,평가 및 분석,requirement,기구/모터/실린더 등 요소 기술에 대하여 이해하고 적용 가능한 자
263711cb,삼성전자,TSP총괄,평가 및 분석,requirement,CAD를 이해하고 이에 맞는 Simulation 구현이 가능한 자
263711cb,삼성전자,TSP총괄,평가 및 분석,requirement,"다양한 분석장비(SEM, FTIR, RAMAN, IC, XPS 등)의 사용 경험 및 활용이 가능한 자"
263711cb,삼성전자,TSP총괄,평가 및 분석,preference,품질 직무에 대한 기본적인 지식 보유자
263711cb,삼성전자,TSP총괄,평가 및 분석,preference,"(품질 공학, 환경안전, PL(Product Liability), SPC, 생산관리, Test Engineering, Big Data 해석)"
263711cb,삼성전자,TSP총괄,평가 및 분석,preference,소프트웨어 및 하드웨어 플랫폼을 활용한 프로젝트 수행 경험 보유자
28835461,삼성전자,Foundry사업부,평가 및 분석,requirement,반도체 소자에 대한 기본적인 지식 보유자
28835461,삼성전자,Foundry사업부,평가 및 분석,requirement,논리 설계 및 전자기학을 전공하거나 프로그래밍에 대한 전공지식 보유자
28835461,삼성전자,Foundry사업부,평가 및 분석,requirement,"공학계열(전기전자, 재료/금속, 화공, 기계, 산업공학 등), 물리, 화학 계열 전공자 또는"
28835461,삼성전자,Foundry사업부,평가 및 분석,requirement,이에 상응하는 전공지식 보유자
28835461,삼성전자,Foundry사업부,평가 및 분석,preference,"직무와 연관된 경험 보유자 (프로젝트, 논문, 특허, 경진대회)"
28835461,삼성전자,Foundry사업부,평가 및 분석,preference,분석/검사 설비 활용 경험 보유자
28835461,삼성전자,Foundry사업부,평가 및 분석,preference,유체/구조/광학/소재 시뮬레이션 경험 보유자
28835461,삼성전자,Foundry사업부,평가 및 분석,preference,"품질직무에 대한 기본적인 지식 보유자 (품질공학, 신뢰성, 통계적 공정관리, 생산관리,"
28835461,삼성전자,Foundry사업부,평가 및 분석,preference,"Test Engineering, Big Data 해석 등)"
28835461,삼성전자,Foundry사업부,평가 및 분석,preference,Data Science 관련 통계적인 접근이 가능한 자
28835461,삼성전자,Foundry사업부,평가 및 분석,preference,Career Vision
28835461,삼성전자,Foundry사업부,평가 및 분석,preference,양질의 제품 개발을 위한 솔루션을 제공하고Test 프로그램을 개발 및
28835461,삼성전자,Foundry사업부,평가 및 분석,preference,평가하는 역량을 배양할 수 있습니다.
28835461,삼성전자,Foundry사업부,평가 및 분석,preference,"품질 보증, 신뢰성, 고객 지원 관련 역량을 보유한 전문가로 성장할 수 있습니다."
38797166,삼성전자,,평가 및 분석,requirement,"공학계열(전기전자, 재료/금속, 화공, 기계, 산업공학 등), 물리, 화학, 수학/통계 계열 전공자"
38797166,삼성전자,,평가 및 분석,requirement,또는 이에 상응하는 전공지식 보유자
38797166,삼성전자,,평가 및 분석,requirement,"반도체 FAB공정, PKG 조립공정, Test공정 등 반도체 공정기술 지식 보유자"
38797166,삼성전자,,평가 및 분석,requirement,"다양한 분석장비(SEM, FTIR, RAMAN, IC, XPS 등)의 사용 경험 및 활용이 가능한 자"
38797166,삼성전자,,평가 및 분석,preference,품질 직무에 대한 기본적인 지식 보유자
38797166,삼성전자,,평가 및 분석,preference,"(품질 공학, 환경안전, PL(Product Liability), SPC, 생산관리, Test Engineering, Big Data 해석)"
38797166,삼성전자,,평가 및 분석,preference,반도체 Package 및 품질 직무와 연관된 대내외 활동 경험 보유자
38797166,삼성전자,,평가 및 분석,preference,반도체 Package공정 및 품질 관련 졸업논문 및 국내/외 저널 논문 보유자
38797166,삼성전자,,평가 및 분석,preference,"기계적/열특성 분석, 성분 분석 등 다양한 분야의 분석 지식/경험 보유자"
3d8d9655,삼성전자 DS 부문,Foundry사업부,평가 및 분석,requirement,반도체 소자에 대한 기본적인 지식 보유자
3d8d9655,삼성전자 DS 부문,Foundry사업부,평가 및 분석,requirement,논리 설계 및 전자기학을 전공하거나 프로그래밍에 대한 전공지식 보유자
3d8d9655,삼성전자 DS 부문,Foundry사업부,평가 및 분석,requirement,"공학계열(전기전자, 재료/금속, 화공, 기계, 산업공학 등), 물리, 화학 계열 전공자 또는"
3d8d9655,삼성전자 DS 부문,Foundry사업부,평가 및 분석,requirement,이에 상응하는 전공지식 보유자
3d8d9655,삼성전자 DS 부문,Foundry사업부,평가 및 분석,requirement,반도체 제품의 이해 및 공정/설비/계측/불량분석/소재에 필요한 역량 보유자
3d8d9655,삼성전자 DS 부문,Foundry사업부,평가 및 분석,requirement,"데이터 마이닝, 데이터 분석, 통계응용 관련 역량 보유자"
3d8d9655,삼성전자 DS 부문,Foundry사업부,평가 및 분석,preference,"직무와 연관된 경험 보유자 (프로젝트, 논문, 특허, 경진대회)"
3d8d9655,삼성전자 DS 부문,Foundry사업부,평가 및 분석,preference,분석/검사/계측 설비 활용 경험 보유자
3d8d9655,삼성전자 DS 부문,Foundry사업부,평가 및 분석,preference,유체/구조/광학/소재 시뮬레이션 경험 보유자
3d8d9655,삼성전자 DS 부문,Foundry사업부,평가 및 분석,preference,"품질직무에 대한 기본적인 지식 보유자 (품질공학, 신뢰성, 통계적 공정관리, 생산관리,"
3d8d9655,삼성전자 DS 부문,Foundry사업부,평가 및 분석,preference,"Test Engineering, Big Data 해석 등)"
3d8d9655,삼성전자 DS 부문,Foundry사업부,평가 및 분석,preference,Data Science 관련 통계적인 접근이 가능한 자
47e55378,삼성전자,,평가 및 분석,requirement,"공학계열(전기전자, 재료/금속, 화공, 기계, 산업공학 등), 물리, 화학, 수학/통계 계열 전공자"
47e55378,삼성전자,,평가 및 분석,requirement,또는 이에 상응하는 전공지식 보유자
47e55378,삼성전자,,평가 및 분석,requirement,"반도체 FAB공정, PKG 조립공정, Test공정 등 반도체 공정기술 지식 보유자"
47e55378,삼성전자,,평가 및 분석,requirement,"다양한 분석장비(SEM, FTIR, RAMAN, IC, XPS 등)의 사용 경험 및 활용이 가능한 자"
47e55378,삼성전자,,평가 및 분석,preference,품질 직무에 대한 기본적인 지식 보유자
47e55378,삼성전자,,평가 및 분석,preference,"(품질 공학, 환경안전, PL(Product Liability), SPC, 생산관리, Test Engineering, Big Data 해석)"
47e55378,삼성전자,,평가 및 분석,preference,반도체 Package 및 품질 직무와 연관된 대내외 활동 경험 보유자
47e55378,삼성전자,,평가 및 분석,preference,반도체 Package공정 및 품질 관련 졸업논문 및 국내/외 저널 논문 보유자
47e55378,삼성전자,,평가 및 분석,preference,"기계적/열특성 분석, 성분 분석 등 다양한 분야의 분석 지식/경험 보유자"
4e70e6b1,삼성전자,System LSI사업부,평가 및 분석,requirement,반도체 제품의 이해 및 반도체 소자에 대한 기본적인 지식 보유자
4e70e6b1,삼성전자,System LSI사업부,평가 및 분석,requirement,논리 설계 및 전자기학을 전공하거나 프로그래밍에 대한 전공지식 보유자
4e70e6b1,삼성전자,System LSI사업부,평가 및 분석,requirement,"공학 계열 (전기전자, 재료/금속, 화공, 기계, 산업공학 등), 물리, 화학 계열 전공자 또는"
4e70e6b1,삼성전자,System LSI사업부,평가 및 분석,requirement,이에 상응하는 전공지식 보유자
4e70e6b1,삼성전자,System LSI사업부,평가 및 분석,preference,"직무와 연관된 경험 보유자 (프로젝트, 논문, 특허, 경진대회)"
4e70e6b1,삼성전자,System LSI사업부,평가 및 분석,preference,"반도체 개발 및 분석 관련 Tool (Spotfire, SPICE Simulation, Schematic Editor, Allegro, Layout"
4e70e6b1,삼성전자,System LSI사업부,평가 및 분석,preference,"Drawing, Trace32, Power Supply, Logic / Protocol Analyzer, Oscilloscope 등) 역량 보유자"
4e70e6b1,삼성전자,System LSI사업부,평가 및 분석,preference,분석/검사/계측 설비 활용 경험 보유자
4e70e6b1,삼성전자,System LSI사업부,평가 및 분석,preference,Data Science 관련 통계적인 접근이 가능한 자
4e70e6b1,삼성전자,System LSI사업부,평가 및 분석,preference,Career Vision
4e70e6b1,삼성전자,System LSI사업부,평가 및 분석,preference,"설계/공정 Test Tool 개발 및 검증을 통해 설계 경쟁력을 강화하고, 반도체 수율 개선에"
4e70e6b1,삼성전자,System LSI사업부,평가 및 분석,preference,앞장서는 평가 및 분석 전문가로 성장할 수 있습니다.
4e70e6b1,삼성전자,System LSI사업부,평가 및 분석,preference,"반도체 개발 과정에서의 여러 Data를 통계적으로 분석하고, 불량 원인자 규명"
4e70e6b1,삼성전자,System LSI사업부,평가 및 분석,preference,및Solution을 제시하여 제품의 신뢰성을 확보하고 반도체 품질 극대화를 만들어가는 품질
4e70e6b1,삼성전자,System LSI사업부,평가 및 분석,preference,분석 전문가로 성장할 수 있습니다.
64da9397,삼성전자 DS 부문,TSP총괄,평가 및 분석,requirement,전기/전자/논리 회로 이해 능력 및 Simulation 기초
64da9397,삼성전자 DS 부문,TSP총괄,평가 및 분석,requirement,"프로그래밍 언어(C/C++/Verilog, Java, R, Python 등) 및 알고리즘 문제 해결 역량 보유자"
64da9397,삼성전자 DS 부문,TSP총괄,평가 및 분석,requirement,기구/모터/실린더 등 요소 기술에 대하여 이해하고 적용 가능한 자
64da9397,삼성전자 DS 부문,TSP총괄,평가 및 분석,requirement,CAD를 이해하고 이에 맞는 Simulation 구현이 가능한 자
64da9397,삼성전자 DS 부문,TSP총괄,평가 및 분석,requirement,"다양한 분석장비(SEM, FTIR, RAMAN, IC, XPS 등)의 사용 경험 및 활용이 가능한 자"
64da9397,삼성전자 DS 부문,TSP총괄,평가 및 분석,preference,품질 직무에 대한 기본적인 지식 보유자
64da9397,삼성전자 DS 부문,TSP총괄,평가 및 분석,preference,"(품질 공학, 환경안전, PL(Product Liability), SPC, 생산관리, Test Engineering, Big Data 해석)"
64da9397,삼성전자 DS 부문,TSP총괄,평가 및 분석,preference,소프트웨어 및 하드웨어 플랫폼을 활용한 프로젝트 수행 경험 보유자
69bed534,삼성전자 DS 부문,글로벌제조&인프라총괄,평가 및 분석,requirement,"신소재(재료), 화학/화공, 기계, 환경, 에너지, 전자전기, 로보틱스, SW공학, 산업공학 계열"
69bed534,삼성전자 DS 부문,글로벌제조&인프라총괄,평가 및 분석,requirement,전공자 또는 이에 상응하는 전공지식 보유자
69bed534,삼성전자 DS 부문,글로벌제조&인프라총괄,평가 및 분석,requirement,"반도체 클린룸, 환경/소재/Wafer 극미량 분석에 활용될 수 있는 관련 지식 및 역량 보유자"
69bed534,삼성전자 DS 부문,글로벌제조&인프라총괄,평가 및 분석,preference,직무와 연관된 대내외 활동 경험 보유자
69bed534,삼성전자 DS 부문,글로벌제조&인프라총괄,평가 및 분석,preference,"기상 미세입자/분자 거동 해석 및 CFD Simulation, Big Data(화학 분석) 통계 분석 역량"
69bed534,삼성전자 DS 부문,글로벌제조&인프라총괄,평가 및 분석,preference,보유자
69bed534,삼성전자 DS 부문,글로벌제조&인프라총괄,평가 및 분석,preference,데이터 사이언스 관련 프로그래밍 역량 보유자
69bed534,삼성전자 DS 부문,글로벌제조&인프라총괄,평가 및 분석,preference,구조/유동/진동/소음/계산화학/화학공정/MBSE/플라즈마 시뮬레이션 역량 및 경험 보유자
69bed534,삼성전자 DS 부문,글로벌제조&인프라총괄,평가 및 분석,preference,"해외 법인과 커뮤니케이션이 가능한 수준의 외국어(영어, 중국어) 회화 역량 보유자"
79339e04,삼성전자 DS 부문,글로벌제조&인프라총괄,평가 및 분석,requirement,"신소재(재료), 화학/화공, 기계, 환경, 에너지, 전자전기, 로보틱스, SW공학, 산업공학 계열"
79339e04,삼성전자 DS 부문,글로벌제조&인프라총괄,평가 및 분석,requirement,전공자 또는 이에 상응하는 전공지식 보유자
79339e04,삼성전자 DS 부문,글로벌제조&인프라총괄,평가 및 분석,requirement,"반도체 클린룸, 환경/소재/Wafer 극미량 분석에 활용될 수 있는 관련 지식 및 역량 보유자"
79339e04,삼성전자 DS 부문,글로벌제조&인프라총괄,평가 및 분석,preference,직무와 연관된 대내외 활동 경험 보유자
79339e04,삼성전자 DS 부문,글로벌제조&인프라총괄,평가 및 분석,preference,"기상 미세입자/분자 거동 해석 및 CFD Simulation, Big Data(화학 분석) 통계 분석 역량"
79339e04,삼성전자 DS 부문,글로벌제조&인프라총괄,평가 및 분석,preference,보유자
79339e04,삼성전자 DS 부문,글로벌제조&인프라총괄,평가 및 분석,preference,데이터 사이언스 관련 프로그래밍 역량 보유자
79339e04,삼성전자 DS 부문,글로벌제조&인프라총괄,평가 및 분석,preference,구조/유동/진동/소음/계산화학/화학공정/MBSE/플라즈마 시뮬레이션 역량 및 경험 보유자
79339e04,삼성전자 DS 부문,글로벌제조&인프라총괄,평가 및 분석,preference,"해외 법인과 커뮤니케이션이 가능한 수준의 외국어(영어, 중국어) 회화 역량 보유자"
8792b71c,삼성전자,Foundry사업부,평가 및 분석,requirement,반도체 소자에 대한 기본적인 지식 보유자
8792b71c,삼성전자,Foundry사업부,평가 및 분석,requirement,논리 설계 및 전자기학을 전공하거나 프로그래밍에 대한 전공지식 보유자
8792b71c,삼성전자,Foundry사업부,평가 및 분석,requirement,"공학계열(전기전자, 재료/금속, 화공, 기계, 산업공학 등), 물리, 화학 계열 전공자 또는"
8792b71c,삼성전자,Foundry사업부,평가 및 분석,requirement,이에 상응하는 전공지식 보유자
8792b71c,삼성전자,Foundry사업부,평가 및 분석,requirement,반도체 제품의 이해 및 공정/설비/계측/불량분석/소재에 필요한 역량 보유자
8792b71c,삼성전자,Foundry사업부,평가 및 분석,requirement,"데이터 마이닝, 데이터 분석, 통계응용 관련 역량 보유자"
8792b71c,삼성전자,Foundry사업부,평가 및 분석,preference,"직무와 연관된 경험 보유자 (프로젝트, 논문, 특허, 경진대회)"
8792b71c,삼성전자,Foundry사업부,평가 및 분석,preference,분석/검사/계측 설비 활용 경험 보유자
8792b71c,삼성전자,Foundry사업부,평가 및 분석,preference,유체/구조/광학/소재 시뮬레이션 경험 보유자
8792b71c,삼성전자,Foundry사업부,평가 및 분석,preference,"품질직무에 대한 기본적인 지식 보유자 (품질공학, 신뢰성, 통계적 공정관리, 생산관리,"
8792b71c,삼성전자,Foundry사업부,평가 및 분석,preference,"Test Engineering, Big Data 해석 등)"
8792b71c,삼성전자,Foundry사업부,평가 및 분석,preference,Data Science 관련 통계적인 접근이 가능한 자
95b68e91,삼성전자 DS 부문,System LSI사업부,평가 및 분석,requirement,반도체 제품의 이해 및 반도체 소자에 대한 기본적인 지식 보유자
95b68e91,삼성전자 DS 부문,System LSI사업부,평가 및 분석,requirement,논리 설계 및 전자기학을 전공하거나 프로그래밍에 대한 전공지식 보유자
95b68e91,삼성전자 DS 부문,System LSI사업부,평가 및 분석,requirement,"공학 계열 (전기전자, 재료/금속, 화공, 기계, 산업공학 등), 물리, 화학 계열 전공자 또는"
95b68e91,삼성전자 DS 부문,System LSI사업부,평가 및 분석,requirement,이에 상응하는 전공지식 보유자
95b68e91,삼성전자 DS 부문,System LSI사업부,평가 및 분석,preference,"직무와 연관된 경험 보유자 (프로젝트, 논문, 특허, 경진대회)"
95b68e91,삼성전자 DS 부문,System LSI사업부,평가 및 분석,preference,"반도체 개발 및 분석 관련 Tool (Spotfire, SPICE Simulation, Schematic Editor, Allegro, Layout"
95b68e91,삼성전자 DS 부문,System LSI사업부,평가 및 분석,preference,"Drawing, Trace32, Power Supply, Logic / Protocol Analyzer, Oscilloscope 등) 역량 보유자"
95b68e91,삼성전자 DS 부문,System LSI사업부,평가 및 분석,preference,분석/검사/계측 설비 활용 경험 보유자
95b68e91,삼성전자 DS 부문,System LSI사업부,평가 및 분석,preference,Data Science 관련 통계적인 접근이 가능한 자
9eed1b49,삼성전자,글로벌제조&인프라총괄,평가 및 분석,requirement,"신소재(재료), 화학/화공, 기계, 환경, 에너지, 전자전기, 로보틱스, SW공학, 산업공학 계열"
9eed1b49,삼성전자,글로벌제조&인프라총괄,평가 및 분석,requirement,전공자 또는 이에 상응하는 전공지식 보유자
9eed1b49,삼성전자,글로벌제조&인프라총괄,평가 및 분석,requirement,"반도체 클린룸, 환경/소재/Wafer 극미량 분석에 활용될 수 있는 관련 지식 및 역량 보유자"
9eed1b49,삼성전자,글로벌제조&인프라총괄,평가 및 분석,preference,직무와 연관된 대내외 활동 경험 보유자
9eed1b49,삼성전자,글로벌제조&인프라총괄,평가 및 분석,preference,"기상 미세입자/분자 거동 해석 및 CFD Simulation, Big Data(화학 분석) 통계 분석 역량"
9eed1b49,삼성전자,글로벌제조&인프라총괄,평가 및 분석,preference,보유자
9eed1b49,삼성전자,글로벌제조&인프라총괄,평가 및 분석,preference,데이터 사이언스 관련 프로그래밍 역량 보유자
9eed1b49,삼성전자,글로벌제조&인프라총괄,평가 및 분석,preference,구조/유동/진동/소음/계산화학/화학공정/MBSE/플라즈마 시뮬레이션 역량 및 경험 보유자
9eed1b49,삼성전자,글로벌제조&인프라총괄,평가 및 분석,preference,"해외 법인과 커뮤니케이션이 가능한 수준의 외국어(영어, 중국어) 회화 역량 보유자"
b10a1076,삼성전자 DS 부문,Foundry사업부,평가 및 분석,requirement,반도체 소자에 대한 기본적인 지식 보유자
b10a1076,삼성전자 DS 부문,Foundry사업부,평가 및 분석,requirement,논리 설계 및 전자기학을 전공하거나 프로그래밍에 대한 전공지식 보유자
b10a1076,삼성전자 DS 부문,Foundry사업부,평가 및 분석,requirement,"공학계열(전기전자, 재료/금속, 화공, 기계, 산업공학 등), 물리, 화학 계열 전공자 또는"
b10a1076,삼성전자 DS 부문,Foundry사업부,평가 및 분석,requirement,이에 상응하는 전공지식 보유자
b10a1076,삼성전자 DS 부문,Foundry사업부,평가 및 분석,requirement,반도체 제품의 이해 및 공정/설비/계측/불량분석/소재에 필요한 역량 보유자
b10a1076,삼성전자 DS 부문,Foundry사업부,평가 및 분석,requirement,"데이터 마이닝, 데이터 분석, 통계응용 관련 역량 보유자"
b10a1076,삼성전자 DS 부문,Foundry사업부,평가 및 분석,preference,"직무와 연관된 경험 보유자 (프로젝트, 논문, 특허, 경진대회)"
b10a1076,삼성전자 DS 부문,Foundry사업부,평가 및 분석,preference,분석/검사/계측 설비 활용 경험 보유자
b10a1076,삼성전자 DS 부문,Foundry사업부,평가 및 분석,preference,유체/구조/광학/소재 시뮬레이션 경험 보유자
b10a1076,삼성전자 DS 부문,Foundry사업부,평가 및 분석,preference,"품질직무에 대한 기본적인 지식 보유자 (품질공학, 신뢰성, 통계적 공정관리, 생산관리,"
b10a1076,삼성전자 DS 부문,Foundry사업부,평가 및 분석,preference,"Test Engineering, Big Data 해석 등)"
b10a1076,삼성전자 DS 부문,Foundry사업부,평가 및 분석,preference,Data Science 관련 통계적인 접근이 가능한 자
def89d82,삼성전자 DS 부문,System LSI사업부,평가 및 분석,requirement,반도체 제품의 이해 및 반도체 소자에 대한 기본적인 지식 보유자
def89d82,삼성전자 DS 부문,System LSI사업부,평가 및 분석,requirement,논리 설계 및 전자기학을 전공하거나 프로그래밍에 대한 전공지식 보유자
def89d82,삼성전자 DS 부문,System LSI사업부,평가 및 분석,requirement,"공학 계열 (전기전자, 재료/금속, 화공, 기계, 산업공학 등), 물리, 화학 계열 전공자 또는"
def89d82,삼성전자 DS 부문,System LSI사업부,평가 및 분석,requirement,이에 상응하는 전공지식 보유자
def89d82,삼성전자 DS 부문,System LSI사업부,평가 및 분석,preference,"직무와 연관된 경험 보유자 (프로젝트, 논문, 특허, 경진대회)"
def89d82,삼성전자 DS 부문,System LSI사업부,평가 및 분석,preference,"반도체 개발 및 분석 관련 Tool (Spotfire, SPICE Simulation, Schematic Editor, Allegro, Layout"
def89d82,삼성전자 DS 부문,System LSI사업부,평가 및 분석,preference,"Drawing, Trace32, Power Supply, Logic / Protocol Analyzer, Oscilloscope 등) 역량 보유자"
def89d82,삼성전자 DS 부문,System LSI사업부,평가 및 분석,preference,분석/검사/계측 설비 활용 경험 보유자
def89d82,삼성전자 DS 부문,System LSI사업부,평가 및 분석,preference,Data Science 관련 통계적인 접근이 가능한 자
e0f23f6a,삼성전자,System LSI사업부,평가 및 분석,requirement,반도체 제품의 이해 및 반도체 소자에 대한 기본적인 지식 보유자
e0f23f6a,삼성전자,System LSI사업부,평가 및 분석,requirement,논리 설계 및 전자기학을 전공하거나 프로그래밍에 대한 전공지식 보유자
e0f23f6a,삼성전자,System LSI사업부,평가 및 분석,requirement,"공학 계열 (전기전자, 재료/금속, 화공, 기계, 산업공학 등), 물리, 화학 계열 전공자 또는"
e0f23f6a,삼성전자,System LSI사업부,평가 및 분석,requirement,이에 상응하는 전공지식 보유자
e0f23f6a,삼성전자,System LSI사업부,평가 및 분석,preference,"직무와 연관된 경험 보유자 (프로젝트, 논문, 특허, 경진대회)"
e0f23f6a,삼성전자,System LSI사업부,평가 및 분석,preference,"반도체 개발 및 분석 관련 Tool (Spotfire, SPICE Simulation, Schematic Editor, Allegro, Layout"
e0f23f6a,삼성전자,System LSI사업부,평가 및 분석,preference,"Drawing, Trace32, Power Supply, Logic / Protocol Analyzer, Oscilloscope 등) 역량 보유자"
e0f23f6a,삼성전자,System LSI사업부,평가 및 분석,preference,분석/검사/계측 설비 활용 경험 보유자
e0f23f6a,삼성전자,System LSI사업부,평가 및 분석,preference,Data Science 관련 통계적인 접근이 가능한 자
e219c8fb,삼성전자 DS 부문,TSP총괄,평가 및 분석,requirement,전기/전자/논리 회로 이해 능력 및 Simulation 기초
e219c8fb,삼성전자 DS 부문,TSP총괄,평가 및 분석,requirement,"프로그래밍 언어(C/C++/Verilog, Java, R, Python 등) 및 알고리즘 문제 해결 역량 보유자"
e219c8fb,삼성전자 DS 부문,TSP총괄,평가 및 분석,requirement,기구/모터/실린더 등 요소 기술에 대하여 이해하고 적용 가능한 자
e219c8fb,삼성전자 DS 부문,TSP총괄,평가 및 분석,requirement,CAD를 이해하고 이에 맞는 Simulation 구현이 가능한 자
e219c8fb,삼성전자 DS 부문,TSP총괄,평가 및 분석,requirement,"다양한 분석장비(SEM, FTIR, RAMAN, IC, XPS 등)의 사용 경험 및 활용이 가능한 자"
e219c8fb,삼성전자 DS 부문,TSP총괄,평가 및 분석,preference,품질 직무에 대한 기본적인 지식 보유자
e219c8fb,삼성전자 DS 부문,TSP총괄,평가 및 분석,preference,"(품질 공학, 환경안전, PL(Product Liability), SPC, 생산관리, Test Engineering, Big Data 해석)"
e219c8fb,삼성전자 DS 부문,TSP총괄,평가 및 분석,preference,소프트웨어 및 하드웨어 플랫폼을 활용한 프로젝트 수행 경험 보유자
